[
  {
    "groupName": "Э-24-1",
    "pairs": [
      [
        "Русский язык",
        "Созонова",
        "207"
      ],
      [
        "Информатика Долгова/",
        "Аверина",
        "209"
      ],
      [
        "Математика",
        "Соковикова",
        "702"
      ],
      null,
      null,
      null
    ]
  },
  {
    "groupName": "Т-24-1",
    "pairs": [
      [
        "Химия",
        "Петрова",
        "104"
      ],
      [
        "Физика",
        "Занина",
        "202"
      ],
      [
        "Информатика",
        "Аверина/",
        "Долгова",
        "209"
      ],
      null,
      null,
      null
    ]
  },
  {
    "groupName": "И-24-1",
    "pairs": [
      [
        "Обществозн",
        "Ефремова",
        "107"
      ],
      [
        "История",
        "Ефремова",
        "107"
      ],
      [
        "Родной язык",
        "Плехова",
        "205"
      ],
      null,
      null,
      null
    ]
  },
  {
    "groupName": "И-24-2п",
    "pairs": [
      [
        "Математика",
        "Соковикова",
        "702"
      ],
      [
        "ОБЗР",
        "Феденев",
        "708а"
      ],
      null,
      null,
      null,
      null
    ]
  },
  {
    "groupName": "С-24-1п",
    "pairs": [
      [
        "Информатика Долгова/",
        "Аверина",
        "209"
      ],
      [
        "Химия",
        "Семенов",
        "Библиотека"
      ],
      [
        "Биология",
        "Вежеева",
        "206"
      ],
      null,
      null,
      null
    ]
  },
  {
    "groupName": "В-24-1",
    "pairs": [
      null,
      [
        "Химия",
        "Петрова",
        "104"
      ],
      [
        "Математика",
        "Ошуркова",
        "703"
      ],
      [
        "Биология",
        "Вежеева",
        "206"
      ],
      [
        "Биология",
        "Вежеева",
        "УдГУ"
      ],
      null
    ]
  },
  {
    "groupName": "О-24-1",
    "pairs": [
      [
        "ОБЗР",
        "Феденев",
        "708а"
      ],
      [
        "Литература",
        "Плехова",
        "205"
      ],
      [
        "ОК проф",
        "Олина А.В.",
        "Библиотека"
      ],
      null,
      null,
      null
    ]
  },
  {
    "groupName": "З-24-1",
    "pairs": [
      [
        "Литература",
        "Плехова",
        "205"
      ],
      [
        "Математика",
        "Ошуркова",
        "703"
      ],
      [
        "История",
        "Ефремова",
        "107"
      ],
      null,
      null,
      null
    ]
  },
  {
    "groupName": "ЭР-24-1",
    "pairs": [
      [
        "Англ язык",
        "Варламова/",
        "Волкова",
        "208/306а"
      ],
      [
        "Математика",
        "Соковикова",
        "702"
      ],
      [
        "Эл/материаловед",
        "Петрова",
        "104"
      ],
      null,
      null,
      null
    ]
  },
  {
    "groupName": "Ю-24-1",
    "pairs": [
      [
        "Химия",
        "Семенов",
        "Библиотека"
      ],
      [
        "Литература",
        "Созонова",
        "207"
      ],
      [
        "ОБЗР",
        "Феденев",
        "708а"
      ],
      null,
      null,
      null,
      null
    ]
  },
  {
    "groupName": "Ю-24-2п",
    "pairs": [
      null,
      [
        "Англ язык",
        "Тику/",
        "Сабурова",
        "705/708"
      ],
      [
        "Русский язык",
        "Созонова",
        "207"
      ],
      null,
      null,
      null,
      null
    ]
  },
  {
    "groupName": "М-24-1",
    "pairs": [
      [
        "Физика",
        "Занина",
        "202"
      ],
      [
        "Биология",
        "Вежеева",
        "206"
      ],
      [
        "Физика",
        "Занина",
        "202"
      ],
      null,
      null,
      null,
      null
    ]
  },
  {
    "groupName": "ЭР-23-1",
    "pairs": [
      [
        "Техн обесп бесперебойной работы эл/об",
        "Пушкарев",
        "608"
      ],
      [
        "Техн обесп бесперебойной работы эл/об",
        "Пушкарев",
        "608"
      ],
      [
        "Физкультура",
        "Кайгородов",
        "Спортзал"
      ],
      null,
      null,
      null,
      null
    ]
  },
  {
    "groupName": "Э-23-1",
    "pairs": [
      null,
      null,
      [
        "Практика",
        "Пушин 601",
        "Пушкарев 606"
      ],
      [
        "Практика",
        "Пушин 601",
        "Пушкарев 606"
      ],
      [
        "Практика",
        "Пушин 601",
        "Пушкарев 606"
      ],
      null,
      null
    ]
  },
  {
    "groupName": "В-23-1",
    "pairs": [
      [
        "ОК проф",
        "Неклюдова С.Ю.",
        "701"
      ],
      [
        "Регионовед",
        "Ощепков",
        "108"
      ],
      [
        "КС",
        "Жуйков",
        "Дистанционно"
      ],
      [
        "ИТ",
        "Рахимьянова/",
        "Вахрушева",
        "Дистанционно"
      ],
      null,
      null,
      null
    ]
  },
  {
    "groupName": "В-23-2",
    "pairs": [
      [
        "КС",
        "Жуйков",
        "Дистанционно"
      ],
      [
        "Адм сетевых ОС",
        "Жуйков",
        "Дистанционно"
      ],
      [
        "Англ язык в ПД",
        "Тику/",
        "Сабурова",
        "Дистанционно"
      ],
      null,
      null,
      null,
      null
    ]
  },
  {
    "groupName": "З-23-1",
    "pairs": [
      [
        "Практика"
      ],
      null,
      null,
      null,
      null,
      null,
      null
    ]
  },
  {
    "groupName": "П-23-1п",
    "pairs": [
      null,
      [
        "История, литерат, культура родного края",
        "Ильин",
        "601"
      ],
      [
        "Англ язык",
        "Тику/",
        "Сабурова",
        "705/708"
      ],
      [
        "Физкультура",
        "Кайгородов",
        "Спортзал"
      ],
      [
        "Гражд право",
        "Артемичева Управление ЗАГС"
      ],
      null,
      null
    ]
  },
  {
    "groupName": "Ю-23-1",
    "pairs": [
      [
        "ТСП",
        "Веселкова",
        "707"
      ],
      [
        "ТСП",
        "Веселкова",
        "707"
      ],
      [
        "Физкультура",
        "Перевозчиков",
        "Тренажерный зал"
      ],
      [
        "Гражд право и гражд процесс",
        "Артемичева",
        "Управление ЗАГС"
      ],
      null,
      null,
      null
    ]
  },
  {
    "groupName": "Ю-23-2п",
    "pairs": [
      [
        "Физкультура",
        "Перевозчиков",
        "Тренажерный зал"
      ],
      [
        "Гражд право и гражд процесс",
        "Артемичева",
        "701"
      ],
      [
        "ТСП",
        "Веселкова",
        "707"
      ],
      [
        "Гражд право и гражд процесс",
        "Артемичева",
        "Управление ЗАГС"
      ],
      null,
      null,
      null
    ]
  },
  {
    "groupName": "Ю-23-3п",
    "pairs": [
      null,
      [
        "Физкультура",
        "Кайгородов",
        "Спортзал"
      ],
      [
        "Гражд право и гражд процесс",
        "Артемичева",
        "701"
      ],
      [
        "ТСП",
        "Веселкова",
        "707"
      ],
      [
        "Гражд право и гражд процесс",
        "Артемичева",
        "Управление ЗАГС"
      ],
      null,
      null
    ]
  },
  {
    "groupName": "Т-23-1",
    "pairs": [
      [
        "Регионовед",
        "Ощепков",
        "108"
      ],
      [
        "ТЭ систем топливоснабж",
        "Самойленко",
        "704"
      ],
      [
        "Англ язык в ПД",
        "Волкова/",
        "Варламова",
        "306а/208"
      ],
      null,
      null,
      null,
      null
    ]
  },
  {
    "groupName": "И-23-1",
    "pairs": [
      [
        "ГДиМ",
        "Кузнецова",
        "Дистанционно"
      ],
      [
        "ОАиП",
        "Логинова",
        "203"
      ],
      [
        "Регионовед",
        "Ощепков",
        "108"
      ],
      null,
      null,
      null,
      null
    ]
  },
  {
    "groupName": "И-23-2",
    "pairs": [
      [
        "Англ язык в ПД",
        "Тику/",
        "Сабурова",
        "705/708"
      ],
      [
        "ОКФ КС",
        "Ишкулов",
        "102"
      ],
      [
        "ИТ",
        "Кузнецова/",
        "Рахимьянова",
        "Дистанционно"
      ],
      null,
      null,
      null,
      null
    ]
  },
  {
    "groupName": "И-23-3п",
    "pairs": [
      [
        "ОАиП",
        "Логинова",
        "203"
      ],
      [
        "Англ язык в ПД",
        "Волкова/",
        "Варламова",
        "306а/208"
      ],
      [
        "Арх АС",
        "Ишкулов",
        "102"
      ],
      null,
      null,
      null,
      null
    ]
  },
  {
    "groupName": "П-22-1п",
    "pairs": [
      null,
      null,
      null,
      null,
      null,
      null,
      null
    ]
  },
  {
    "groupName": "З-22-1",
    "pairs": [
      null,
      null,
      null,
      [
        "Осн философии",
        "Васильев",
        "608"
      ],
      [
        "Орг-прав обесп ИБ",
        "Бывальцева",
        "205"
      ],
      [
        "Осн предприн",
        "Бывальцева",
        "205"
      ],
      null
    ]
  },
  {
    "groupName": "И-22-1",
    "pairs": [
      null,
      null,
      null,
      null,
      [
        "Разработка кода ИС",
        "Ишкулов",
        "102"
      ],
      [
        "ТВиМС",
        "Павлов",
        "206"
      ],
      [
        "ТВиМС",
        "Павлов",
        "206"
      ]
    ]
  },
  {
    "groupName": "И-22-2п",
    "pairs": [
      null,
      null,
      null,
      null,
      [
        "Осн философии",
        "Васильев",
        "608"
      ],
      [
        "Осн философии",
        "Васильев",
        "608"
      ],
      null
    ]
  },
  {
    "groupName": "И-22-3п",
    "pairs": [
      null,
      null,
      null,
      [
        "Разработка кода ИС",
        "Ишкулов",
        "102"
      ],
      [
        "Физкультура",
        "Перевозчиков",
        "Тренажерный зал"
      ],
      [
        "КС",
        "Данилов",
        "203"
      ],
      null
    ]
  },
  {
    "groupName": "Ю-22-1",
    "pairs": [
      null,
      null,
      null,
      [
        "Осн управл в правоохр органах",
        "Бывальцева",
        "205"
      ],
      [
        "Экол право",
        "Фатахова",
        "202"
      ],
      [
        "Экол право",
        "Фатахова",
        "202"
      ],
      null
    ]
  },
  {
    "groupName": "Ю-22-2п",
    "pairs": [
      null,
      null,
      null,
      null,
      [
        "Физкультура",
        "Кайгородов",
        "Спортзал"
      ],
      [
        "Осн предприн",
        "Михалкина",
        "107"
      ],
      [
        "Осн управл в правоохр органах",
        "Михалкина",
        "107"
      ]
    ]
  },
  {
    "groupName": "Э-22-1",
    "pairs": [
      null,
      null,
      null,
      null,
      [
        "Охрана труда",
        "Неклюдова С.Ю.",
        "701"
      ],
      [
        "ОТЭиО эл и эл/мех оборуд",
        "Пушин",
        "601"
      ],
      [
        "Тип тех процессы обсл бытовых машин и приборов",
        "Пушин 601"
      ]
    ]
  },
  {
    "groupName": "Т-22-1",
    "pairs": [
      null,
      null,
      [
        "ТЭ систем теплоснабж",
        "Самойленко",
        "704"
      ],
      [
        "Управл и планир в теплоэнерг",
        "Мозгина",
        "207"
      ],
      [
        "ТЭ систем автоматизации проц произв",
        "Самойленко",
        "704"
      ],
      [
        "ТЭ систем теплоснабж",
        "Самойленко",
        "704"
      ],
      null
    ]
  },
  {
    "groupName": "В-22-1",
    "pairs": [
      [
        "ТВиМС",
        "Камашева",
        "Дистанционно"
      ],
      [
        "ПО КС",
        "Коновалов",
        "Дистанционно"
      ],
      [
        "ТВиМС",
        "Камашева",
        "Дистанционно"
      ],
      null,
      null,
      null,
      null
    ]
  },
  {
    "groupName": "ЭР-22-1",
    "pairs": [
      [
        "Практика"
      ],
      null,
      null,
      null,
      null,
      null,
      null
    ]
  },
  {
    "groupName": "Ю-21-1",
    "pairs": [
      [
        "09.00",
        "Защита дипломной работы",
        "403"
      ],
      null,
      null,
      null,
      null,
      null,
      null
    ]
  },
  {
    "groupName": "Ю-21-2",
    "pairs": [
      null,
      null,
      null,
      null,
      null,
      null,
      null
    ]
  },
  {
    "groupName": "И-21-1",
    "pairs": [
      [
        "Осн предприн",
        "Неклюдова Т.А.",
        "102"
      ],
      [
        "Физкультура",
        "Перевозчиков",
        "Тренажерный зал"
      ],
      [
        "Осн предприн",
        "Зачет",
        "Неклюдова Т.А.",
        "101"
      ],
      null,
      null,
      null,
      null
    ]
  },
  {
    "groupName": "И-21-2",
    "pairs": [
      null,
      null,
      null,
      null,
      [
        "Осн предприн",
        "Неклюдова Т.А.",
        "207"
      ],
      [
        "Осн предприн",
        "Неклюдова Т.А.",
        "207"
      ],
      null
    ]
  },
  {
    "groupName": "И-21-3п",
    "pairs": [
      [
        "Практика",
        "Рахимьянова",
        "304"
      ],
      [
        "Практика",
        "Рахимьянова",
        "304"
      ],
      [
        "Практика",
        "Рахимьянова",
        "Дистанционно"
      ],
      null,
      null,
      null,
      null
    ]
  },
  {
    "groupName": "В-21-1",
    "pairs": [
      null,
      null,
      null,
      null,
      [
        "Англ язык в ПД",
        "Варламова/",
        "Тику",
        "208/705"
      ],
      [
        "Эффект повед на рынке труда",
        "Неклюдова С.Ю.",
        "701"
      ],
      null
    ]
  },
  {
    "groupName": "З-21-1",
    "pairs": [
      null,
      null,
      [
        "Практика",
        "Камашева",
        "203"
      ],
      [
        "Практика",
        "Камашева",
        "203"
      ],
      [
        "Практика",
        "Камашева",
        "203"
      ],
      null,
      null
    ]
  },
  {
    "groupName": "Т-21-1",
    "pairs": [
      [
        "Практика"
      ],
      null,
      null,
      null,
      null,
      null,
      null
    ]
  },
  {
    "groupName": "Э-21-1",
    "pairs": [
      null,
      null,
      null,
      null,
      [
        "Практика",
        "Мозгина",
        "209"
      ],
      [
        "Практика",
        "Мозгина",
        "209"
      ],
      [
        "Практика",
        "Мозгина",
        "209"
      ]
    ]
  }
]