[
  {
    "groupName": "Э-24-1",
    "pairs": [
      null,
      [
        "Физкультура",
        "Кайгородов",
        "Спортзал"
      ],
      [
        "ТУД",
        "Тихонова",
        "203"
      ],
      [
        "Химия",
        "Петрова",
        "104"
      ],
      [
        "Математика",
        "Соковикова",
        "702"
      ],
      null
    ]
  },
  {
    "groupName": "Т-24-1",
    "pairs": [
      [
        "Биология",
        "Семенов",
        "403"
      ],
      [
        "Обществозн",
        "Ощепков",
        "108"
      ],
      [
        "Литература",
        "Созонова",
        "207"
      ],
      null,
      null,
      null
    ]
  },
  {
    "groupName": "И-24-1",
    "pairs": [
      [
        "Англ язык",
        "Тику/",
        "Сабурова",
        "705/708"
      ],
      [
        "Математика",
        "Соковикова",
        "702"
      ],
      [
        "Биология",
        "Вежеева",
        "206"
      ],
      [
        "Математика",
        "Соковикова",
        "702"
      ],
      [
        "Нем  язык",
        "Чермных",
        "603а"
      ],
      null
    ]
  },
  {
    "groupName": "И-24-2п",
    "pairs": [
      [
        "Литература",
        "Созонова",
        "207"
      ],
      [
        "Родной язык",
        "Храмова",
        "305"
      ],
      [
        "Физика",
        "Занина",
        "403"
      ],
      [
        "Химия",
        "Вежеева",
        "206"
      ],
      null,
      null
    ]
  },
  {
    "groupName": "С-24-1п",
    "pairs": [
      [
        "Математика",
        "Соковикова",
        "702"
      ],
      [
        "Русский язык",
        "Плехова",
        "205"
      ],
      [
        "Англ язык",
        "Тику/",
        "Сабурова",
        "705/708"
      ],
      null,
      null,
      null
    ]
  },
  {
    "groupName": "В-24-1",
    "pairs": [
      [
        "Русский язык",
        "Плехова",
        "205"
      ],
      [
        "Математика",
        "Ошуркова",
        "703"
      ],
      [
        "Литература",
        "Плехова",
        "205"
      ],
      [
        "Физика",
        "Занина",
        "403"
      ],
      null,
      null
    ]
  },
  {
    "groupName": "О-24-1",
    "pairs": [
      [
        "Химия",
        "Петрова",
        "104"
      ],
      [
        "Осн финн грамотности",
        "Неклюдова Т.А.",
        "302"
      ],
      [
        "История",
        "Ощепков",
        "108"
      ],
      null,
      null,
      null
    ]
  },
  {
    "groupName": "З-24-1",
    "pairs": [
      null,
      null,
      [
        "Математика",
        "Ошуркова",
        "703"
      ],
      [
        "ТУД",
        "Ефремова",
        "107"
      ],
      null,
      null
    ]
  },
  {
    "groupName": "ЭР-24-1",
    "pairs": [
      null,
      [
        "Тех черчение",
        "Петрова",
        "104"
      ],
      [
        "Англ язык",
        "Волкова/",
        "Варламова",
        "306а/208"
      ],
      [
        "Русский язык",
        "Плехова",
        "205"
      ],
      [
        "Физика",
        "Занина",
        "403"
      ],
      null
    ]
  },
  {
    "groupName": "Ю-24-1",
    "pairs": [
      [
        "Биология",
        "Вежеева",
        "206"
      ],
      [
        "Обществозн",
        "Ефремова",
        "107"
      ],
      [
        "История",
        "Ефремова",
        "107"
      ],
      [
        "Нем язык",
        "Чермных",
        "603а"
      ],
      null,
      null
    ]
  },
  {
    "groupName": "Ю-24-2п",
    "pairs": [
      [
        "История",
        "Ефремова",
        "107"
      ],
      [
        "Биология",
        "Вежеева",
        "206"
      ],
      [
        "Нем язык",
        "Чермных",
        "603а"
      ],
      [
        "Нем язык",
        "Чермных",
        "603а"
      ],
      null,
      null
    ]
  },
  {
    "groupName": "М-24-1",
    "pairs": [
      [
        "География",
        "Шахова",
        "306"
      ],
      [
        "Русский язык",
        "Созонова",
        "207"
      ],
      [
        "Математика",
        "Соковикова",
        "702"
      ],
      [
        "Литература",
        "Созонова",
        "207"
      ],
      null,
      null
    ]
  },
  {
    "groupName": "ЭР-23-1",
    "pairs": [
      [
        "БЖ",
        "Консультация",
        "Ильин",
        "305"
      ],
      [
        "Биология",
        "Зачет",
        "Семенов",
        "403"
      ],
      null,
      null,
      null,
      null
    ]
  },
  {
    "groupName": "Э-23-1",
    "pairs": [
      [
        "Практика",
        "п/группа",
        "Пушин",
        "601"
      ],
      [
        "Практика",
        "п/группа",
        "Пушин",
        "601"
      ],
      [
        "Практика",
        "Пушкарев 606",
        "Пушин 601"
      ],
      [
        "Практика",
        "п/группа",
        "Пушкарев 606"
      ],
      [
        "Практика",
        "п/группа",
        "Пушкарев 606"
      ],
      null
    ]
  },
  {
    "groupName": "В-23-1",
    "pairs": [
      [
        "КС",
        "Жуйков",
        "300у"
      ],
      [
        "Арх АС",
        "Коновалов",
        "306"
      ],
      [
        "Физкультура",
        "Кайгородов",
        "Спортзал"
      ],
      [
        "ОАиП",
        "Долгова",
        "209"
      ],
      null,
      null
    ]
  },
  {
    "groupName": "В-23-2",
    "pairs": [
      [
        "Регионовед",
        "Ощепков",
        "108"
      ],
      [
        "КС",
        "Жуйков",
        "300у"
      ],
      [
        "ОАиП",
        "Долгова",
        "209"
      ],
      [
        "Арх АС",
        "Широбоков",
        "203"
      ],
      null,
      null
    ]
  },
  {
    "groupName": "З-23-1",
    "pairs": [
      [
        "Практика"
      ],
      null,
      null,
      null,
      null,
      null
    ]
  },
  {
    "groupName": "П-23-1п",
    "pairs": [
      [
        "Трудовое право",
        "Олина",
        "302"
      ],
      [
        "Адм право России",
        "Бывальцева",
        "708а"
      ],
      [
        "Психология общения",
        "Зорина",
        "Библиотека"
      ],
      [
        "Нем язык",
        "Чермных",
        "603а"
      ],
      null,
      null
    ]
  },
  {
    "groupName": "Ю-23-1",
    "pairs": [
      [
        "ТСП",
        "Веселкова",
        "707"
      ],
      [
        "Инф и ИТ в ПД",
        "Долгова/",
        "Вахрушева",
        "209/300ц"
      ],
      [
        "ТСП",
        "Веселкова",
        "707"
      ],
      [
        "Нем язык",
        "Чермных",
        "603а"
      ],
      null,
      null,
      null
    ]
  },
  {
    "groupName": "Ю-23-2п",
    "pairs": [
      [
        "Инф и ИТ в ПД",
        "Долгова 209",
        "Вахрушева 300ц"
      ],
      [
        "Адм право",
        "Михалкина",
        "202"
      ],
      [
        "Адм право",
        "Михалкина",
        "202"
      ],
      [
        "ТСП",
        "Веселкова",
        "707"
      ],
      null,
      null,
      null
    ]
  },
  {
    "groupName": "Ю-23-3п",
    "pairs": [
      [
        "Физкультура",
        "Кайгородов",
        "Спортзал"
      ],
      [
        "ТСП",
        "Веселкова",
        "707"
      ],
      [
        "Адм право",
        "Бывальцева",
        "708а"
      ],
      null,
      null,
      null,
      null
    ]
  },
  {
    "groupName": "Т-23-1",
    "pairs": [
      [
        "ТОТиГ",
        "Пушкарев",
        "608"
      ],
      [
        "Тех механика",
        "Пушкарев",
        "608"
      ],
      [
        "ТЭ котельных установок",
        "Петрова",
        "104",
        "704"
      ],
      [
        "Регионовед",
        "Ощепков",
        "108"
      ],
      null,
      null,
      null
    ]
  },
  {
    "groupName": "И-23-1",
    "pairs": [
      [
        "Эл высшей математики",
        "Ошуркова",
        "703"
      ],
      [
        "ОАиП",
        "Логинова",
        "203"
      ],
      [
        "Арх АС",
        "Коновалов",
        "306"
      ],
      null,
      null,
      null,
      null
    ]
  },
  {
    "groupName": "И-23-2",
    "pairs": [
      [
        "ВиП КС",
        "Ишкулов",
        "102"
      ],
      [
        "ОКФ КС",
        "Ишкулов",
        "102"
      ],
      [
        "ОАиП",
        "Зылева",
        "300ц"
      ],
      [
        "ОАиП",
        "Зылева",
        "300ц"
      ],
      null,
      null,
      null
    ]
  },
  {
    "groupName": "И-23-3п",
    "pairs": [
      [
        "ОАиП",
        "Логинова",
        "203"
      ],
      [
        "ОК проф",
        "Неклюдова",
        "С.Ю.",
        "701"
      ],
      [
        "БЖ",
        "Ильин",
        "12.30-актовый зал/",
        "302"
      ],
      [
        "Арх АС",
        "Ишкулов",
        "102"
      ],
      null,
      null,
      null
    ]
  },
  {
    "groupName": "П-22-1п",
    "pairs": [
      null,
      null,
      null,
      null,
      null,
      null,
      null
    ]
  },
  {
    "groupName": "З-22-1",
    "pairs": [
      null,
      null,
      null,
      [
        "ТЗИ",
        "Мошкина",
        "303"
      ],
      [
        "Экспл КС",
        "Широбоков",
        "203"
      ],
      [
        "Экспл КС",
        "Широбоков",
        "203"
      ],
      null
    ]
  },
  {
    "groupName": "И-22-1",
    "pairs": [
      null,
      null,
      [
        "Разработка кода ИС",
        "Ишкулов",
        "12.30-актовый зал/",
        "102"
      ],
      [
        "Менеджмент в ПД",
        "Неклюдова Т.А.",
        "101"
      ],
      [
        "Численные методы",
        "Ошуркова",
        "302"
      ],
      [
        "КС",
        "Данилов",
        "300у"
      ],
      null
    ]
  },
  {
    "groupName": "И-22-2п",
    "pairs": [
      null,
      null,
      null,
      [
        "Разработка ПМ",
        "Черепанова",
        "305"
      ],
      [
        "Инстр ср-ва разработки ПО",
        "Зылева",
        "300ц"
      ],
      [
        "Инстр ср-ва разработки ПО",
        "Зылева",
        "300ц"
      ],
      null
    ]
  },
  {
    "groupName": "И-22-3п",
    "pairs": [
      null,
      [
        "Нем язык в ПД",
        "Чермных",
        "603а"
      ],
      [
        "Прогр решения для бизнеса",
        "Черепанова",
        "12.30-актовый зал/",
        "305"
      ],
      [
        "Численные методы",
        "Ошуркова",
        "302"
      ],
      [
        "КС",
        "Данилов",
        "300у"
      ],
      null,
      null
    ]
  },
  {
    "groupName": "Ю-22-1",
    "pairs": [
      null,
      null,
      null,
      [
        "Осн управл в правоохр органах",
        "Бывальцева",
        "708а"
      ],
      [
        "Осн управл в правоохр органах",
        "Бывальцева",
        "708а"
      ],
      [
        "Осн предприн",
        "Бывальцева",
        "708а"
      ],
      null
    ]
  },
  {
    "groupName": "Ю-22-2п",
    "pairs": [
      null,
      null,
      null,
      [
        "Физкультура",
        "Кайгородов",
        "Спортзал"
      ],
      [
        "Осн предприн",
        "Михалкина",
        "202"
      ],
      [
        "Осн управл в правоохр органах",
        "Михалкина",
        "202"
      ],
      null
    ]
  },
  {
    "groupName": "Э-22-1",
    "pairs": [
      null,
      null,
      null,
      [
        "Эл и эл/мех",
        "оборуд",
        "Пушин",
        "601"
      ],
      [
        "Тип тех проц обсл быт маш и приб",
        "Пушин 601"
      ],
      [
        "Эл/снабжение",
        "Пушин",
        "601"
      ],
      null
    ]
  },
  {
    "groupName": "Т-22-1",
    "pairs": [
      null,
      [
        "Ремонт оборуд тепловых сетей",
        "Самойленко 704"
      ],
      [
        "ТЭ систем теплоснабжения",
        "Самойленко",
        "12.30-актовый зал/",
        "704"
      ],
      [
        "Ин язык в ПД",
        "Волкова 306а",
        "Варламова 208",
        "Чермных 603а"
      ],
      null,
      null,
      null
    ]
  },
  {
    "groupName": "В-22-1",
    "pairs": [
      [
        "ПОПД",
        "Михалкина",
        "202"
      ],
      [
        "Англ язык в ПД",
        "Тику 705",
        "Сабурова 708"
      ],
      [
        "ОА КС",
        "Жуйков",
        "12.30-актовый зал/",
        "300у"
      ],
      [
        "ПОПД",
        "Михалкина",
        "202"
      ],
      null,
      null,
      null
    ]
  },
  {
    "groupName": "ЭР-22-1",
    "pairs": [
      [
        "Практика"
      ],
      null,
      null,
      null,
      null,
      null,
      null
    ]
  },
  {
    "groupName": "Ю-21-1",
    "pairs": [
      null,
      null,
      null,
      null,
      null,
      null,
      null
    ]
  },
  {
    "groupName": "Ю-21-2",
    "pairs": [
      null,
      null,
      null,
      null,
      null,
      null,
      null
    ]
  },
  {
    "groupName": "И-21-1",
    "pairs": [
      [
        "Практика",
        "Рахимьянова 304"
      ],
      [
        "Практика",
        "Рахимьянова 304"
      ],
      [
        "Практика",
        "Рахимьянова",
        "12.30-актовый зал/",
        "304"
      ],
      null,
      null,
      null,
      null
    ]
  },
  {
    "groupName": "И-21-2",
    "pairs": [
      [
        "Практика",
        "Камашева 303"
      ],
      [
        "Практика",
        "Камашева 303"
      ],
      [
        "Практика",
        "Камашева",
        "12.30-актовый зал/",
        "303"
      ],
      null,
      null,
      null,
      null
    ]
  },
  {
    "groupName": "И-21-3п",
    "pairs": [
      null,
      null,
      null,
      [
        "Практика",
        "Рахимьянова",
        "304"
      ],
      [
        "Практика",
        "Рахимьянова",
        "304"
      ],
      [
        "Практика",
        "Рахимьянова",
        "304"
      ],
      null
    ]
  },
  {
    "groupName": "В-21-1",
    "pairs": [
      null,
      null,
      null,
      [
        "БКС",
        "Консультация",
        "Жуйков",
        "300у"
      ],
      [
        "Осн предприн",
        "Неклюдова Т.А.",
        "102"
      ],
      [
        "Осн предприн",
        "Неклюдова Т.А.",
        "102"
      ],
      null
    ]
  },
  {
    "groupName": "З-21-1",
    "pairs": [
      null,
      null,
      null,
      [
        "Практика",
        "Коновалов",
        "306"
      ],
      [
        "Практика",
        "Коновалов",
        "306"
      ],
      [
        "Практика",
        "Коновалов",
        "306"
      ],
      null
    ]
  },
  {
    "groupName": "Т-21-1",
    "pairs": [
      null,
      null,
      null,
      [
        "Практика",
        "Самойленко",
        "703"
      ],
      [
        "Практика",
        "Самойленко",
        "703"
      ],
      [
        "Практика",
        "Самойленко",
        "703"
      ],
      null
    ]
  },
  {
    "groupName": "Э-21-1",
    "pairs": [
      null,
      null,
      null,
      [
        "13.40",
        "Планир и орг работы структ подразд",
        "Экзамен",
        "Мозгина",
        "704"
      ],
      null,
      null,
      null
    ]
  }
]