[
  {
    "groupName": "Э-24-1",
    "pairs": []
  },
  {
    "groupName": "Т-24-1",
    "pairs": []
  },
  {
    "groupName": "И-24-1",
    "pairs": []
  },
  {
    "groupName": "И-24-2",
    "pairs": []
  },
  {
    "groupName": "С-24-1",
    "pairs": []
  },
  {
    "groupName": "В-24-1",
    "pairs": []
  },
  {
    "groupName": "О-24-1",
    "pairs": []
  },
  {
    "groupName": "З-24-1",
    "pairs": []
  },
  {
    "groupName": "ЭР-24-1",
    "pairs": []
  },
  {
    "groupName": "Ю-24-1",
    "pairs": []
  },
  {
    "groupName": "Ю-24-2",
    "pairs": []
  },
  {
    "groupName": "М-24-1",
    "pairs": []
  },
  {
    "groupName": "ЭР-23-1",
    "pairs": []
  },
  {
    "groupName": "Э-23-1",
    "pairs": []
  },
  {
    "groupName": "В-23-1",
    "pairs": []
  },
  {
    "groupName": "В-23-2",
    "pairs": []
  },
  {
    "groupName": "З-23-1",
    "pairs": []
  },
  {
    "groupName": "П-23-1п",
    "pairs": []
  },
  {
    "groupName": "Ю-23-1",
    "pairs": []
  },
  {
    "groupName": "Ю-23-2п",
    "pairs": []
  },
  {
    "groupName": "Ю-23-3п",
    "pairs": []
  },
  {
    "groupName": "Т-23-1",
    "pairs": []
  },
  {
    "groupName": "И-23-1",
    "pairs": []
  },
  {
    "groupName": "И-23-2",
    "pairs": []
  },
  {
    "groupName": "И-23-3п",
    "pairs": []
  },
  {
    "groupName": "П-22-1п",
    "pairs": []
  },
  {
    "groupName": "З-22-1",
    "pairs": []
  },
  {
    "groupName": "И-22-1",
    "pairs": []
  },
  {
    "groupName": "И-22-2п",
    "pairs": []
  },
  {
    "groupName": "И-22-3п",
    "pairs": []
  },
  {
    "groupName": "Ю-22-1",
    "pairs": []
  },
  {
    "groupName": "Ю-22-2п",
    "pairs": []
  },
  {
    "groupName": "Э-22-1",
    "pairs": []
  },
  {
    "groupName": "Т-22-1",
    "pairs": []
  },
  {
    "groupName": "В-22-1",
    "pairs": []
  },
  {
    "groupName": "ЭР-22-1",
    "pairs": []
  },
  {
    "groupName": "Ю-21-1",
    "pairs": []
  },
  {
    "groupName": "Ю-21-2",
    "pairs": []
  },
  {
    "groupName": "И-21-1",
    "pairs": []
  },
  {
    "groupName": "И-21-2",
    "pairs": []
  },
  {
    "groupName": "И-21-3п",
    "pairs": []
  },
  {
    "groupName": "В-21-1",
    "pairs": []
  },
  {
    "groupName": "З-21-1",
    "pairs": []
  },
  {
    "groupName": "Т-21-1",
    "pairs": []
  },
  {
    "groupName": "Э-21-1",
    "pairs": []
  }
]