[
  {
    "groupName": "Э-24-1",
    "pairs": [
      [
        "География",
        "Шахова",
        "206"
      ],
      [
        "Информатика",
        "Долгова/",
        "Аверина",
        "209"
      ],
      [
        "Физика",
        "Занина",
        "202"
      ],
      [
        "Физика",
        "Занина",
        "202"
      ],
      null,
      null
    ]
  },
  {
    "groupName": "Т-24-1",
    "pairs": [
      [
        "Математика",
        "Тимошкин",
        "104"
      ],
      [
        "Физкультура",
        "Перевозчиков",
        "Тренажерный зал"
      ],
      [
        "Информатика",
        "Долгова/",
        "Аверина",
        "209"
      ],
      null,
      null,
      null
    ]
  },
  {
    "groupName": "И-24-1",
    "pairs": [
      null,
      [
        "Русский язык",
        "Созонова",
        "207"
      ],
      [
        "Математика",
        "Соковикова",
        "702"
      ],
      [
        "Литература",
        "Созонова",
        "207"
      ],
      [
        "Нем язык",
        "Чермных",
        "603а"
      ],
      null
    ]
  },
  {
    "groupName": "И-24-2п",
    "pairs": [
      null,
      [
        "ОБЗР",
        "Феденев",
        "708а"
      ],
      [
        "Ин язык",
        "Сабурова/",
        "Тику/",
        "Чермных",
        "708/705/ 603а"
      ],
      [
        "Математика",
        "Соковикова",
        "702"
      ],
      [
        "Математика",
        "Соковикова",
        "702"
      ],
      null
    ]
  },
  {
    "groupName": "С-24-1п",
    "pairs": [
      [
        "Химия",
        "Семенов",
        "Библиотека"
      ],
      [
        "Обществозн",
        "Васильев",
        "701"
      ],
      [
        "География",
        "Шахова",
        "206"
      ],
      [
        "История",
        "Васильев",
        "610"
      ],
      null,
      null
    ]
  },
  {
    "groupName": "В-24-1",
    "pairs": [
      [
        "История",
        "Васильев",
        "701"
      ],
      [
        "География",
        "Шахова",
        "206"
      ],
      [
        "Обществозн",
        "Васильев",
        "610"
      ],
      [
        "Родной язык",
        "Плехова",
        "205"
      ],
      null,
      null
    ]
  },
  {
    "groupName": "О-24-1",
    "pairs": [
      [
        "Информатика",
        "Долгова/",
        "Вахрушева",
        "209"
      ],
      [
        "Биология",
        "Семенов",
        "Библиотека"
      ],
      [
        "Математика",
        "Тимошкин",
        "104"
      ],
      null,
      null,
      null
    ]
  },
  {
    "groupName": "З-24-1",
    "pairs": [
      [
        "ОБЗР",
        "Феденев",
        "708а"
      ],
      [
        "Русский язык",
        "Плехова",
        "205"
      ],
      [
        "Англ язык",
        "Варламова/",
        "Волкова",
        "306а/208"
      ],
      [
        "История",
        "Ефремова",
        "107"
      ],
      null,
      null
    ]
  },
  {
    "groupName": "ЭР-24-1",
    "pairs": [
      [
        "Математика",
        "Соковикова",
        "702"
      ],
      [
        "Физика",
        "Занина",
        "202"
      ],
      [
        "Литература",
        "Плехова",
        "205"
      ],
      null,
      null,
      null
    ]
  },
  {
    "groupName": "Ю-24-1",
    "pairs": [
      [
        "История",
        "Ефремова",
        "107"
      ],
      [
        "Математика",
        "Тимошкин",
        "104"
      ],
      [
        "Литература",
        "Созонова",
        "207"
      ],
      [
        "Нем язык",
        "Чермных",
        "603а"
      ],
      null,
      null,
      null
    ]
  },
  {
    "groupName": "Ю-24-2п",
    "pairs": [
      [
        "Литература",
        "Созонова",
        "207"
      ],
      [
        "История",
        "Ефремова",
        "107"
      ],
      [
        "Химия",
        "Семенов",
        "Библиотека"
      ],
      [
        "География",
        "Шахова",
        "206"
      ],
      null,
      null,
      null
    ]
  },
  {
    "groupName": "М-24-1",
    "pairs": [
      [
        "Англ язык",
        "Сабурова/",
        "Тику",
        "708/705"
      ],
      [
        "Математика",
        "Соковикова",
        "702"
      ],
      [
        "Физкультура",
        "Кайгородов",
        "Спортзал"
      ],
      null,
      null,
      null,
      null
    ]
  },
  {
    "groupName": "ЭР-23-1",
    "pairs": [
      [
        "Литература",
        "Плехова",
        "205"
      ],
      [
        "Физкультура",
        "Кайгородов",
        "Спортзал"
      ],
      null,
      null,
      null,
      null,
      null
    ]
  },
  {
    "groupName": "Э-23-1",
    "pairs": [
      [
        "Практика",
        "Пушкарев/",
        "Пушин",
        "606/601"
      ],
      [
        "Практика",
        "Пушкарев/",
        "Пушин",
        "606/601"
      ],
      [
        "Практика",
        "Пушкарев/",
        "Пушин",
        "606/601"
      ],
      null,
      null,
      null,
      null
    ]
  },
  {
    "groupName": "В-23-1",
    "pairs": [
      [
        "КС",
        "Жуйков",
        "Дистанционно"
      ],
      [
        "КС",
        "Жуйков",
        "Дистанционно"
      ],
      [
        "ТФУ ПД",
        "Мошкина",
        "Дистанционно"
      ],
      null,
      null,
      null,
      null
    ]
  },
  {
    "groupName": "В-23-2",
    "pairs": [
      null,
      [
        "ИТ",
        "Рахимьянова/",
        "Вахрушева",
        "Дистанционно"
      ],
      [
        "КС",
        "Жуйков",
        "Дистанционно"
      ],
      [
        "ОК проф",
        "Веселкова",
        "707"
      ],
      [
        "История",
        "Ощепков",
        "108"
      ],
      null,
      null
    ]
  },
  {
    "groupName": "З-23-1",
    "pairs": [
      [
        "Практика"
      ],
      null,
      null,
      null,
      null,
      null,
      null
    ]
  },
  {
    "groupName": "П-23-1п",
    "pairs": [
      [
        "Адм право России",
        "Бывальцева",
        "703"
      ],
      [
        "ОК проф",
        "Веселкова",
        "707"
      ],
      [
        "Гражд право",
        "Артемичева",
        "608"
      ],
      [
        "ИТ в ЮД",
        "Долгова/",
        "Аверина",
        "209"
      ],
      null,
      null,
      null
    ]
  },
  {
    "groupName": "Ю-23-1",
    "pairs": [
      [
        "ТСП",
        "Веселкова",
        "707"
      ],
      [
        "Адм право",
        "Бывальцева",
        "703"
      ],
      [
        "ТСП",
        "Веселкова",
        "707"
      ],
      [
        "Осн управл в правоохр органах",
        "Газидуллина",
        "108"
      ],
      null,
      null,
      null
    ]
  },
  {
    "groupName": "Ю-23-2п",
    "pairs": [
      null,
      null,
      [
        "Осн управл в правоохр органах",
        "Газидуллина",
        "108"
      ],
      [
        "Англ язык",
        "Волкова/",
        "Варламова",
        "306а/208"
      ],
      [
        "Гражд право и гражд процесс",
        "Артемичева",
        "608"
      ],
      null,
      null
    ]
  },
  {
    "groupName": "Ю-23-3п",
    "pairs": [
      [
        "Англ язык",
        "Волкова/",
        "Варламова",
        "306а/208"
      ],
      [
        "Осн управл в правоохр органах",
        "Газидуллина",
        "108"
      ],
      [
        "Адм право",
        "Бывальцева",
        "703"
      ],
      [
        "Гражд право и гражд процесс",
        "Артемичева",
        "608"
      ],
      [
        "Нем язык",
        "Чермных",
        "603а"
      ],
      null,
      null
    ]
  },
  {
    "groupName": "Т-23-1",
    "pairs": [
      [
        "Экол основы прир",
        "Занина",
        "202"
      ],
      [
        "ТЭ систем топливоснабж",
        "Самойленко",
        "704"
      ],
      [
        "ТЭ систем топливоснабж",
        "Самойленко",
        "704"
      ],
      [
        "ТЭ котельных установок",
        "Самойленко",
        "704"
      ],
      null,
      null,
      null
    ]
  },
  {
    "groupName": "И-23-1",
    "pairs": [
      [
        "Осн проект БД",
        "Черепанова",
        "Дистанционно"
      ],
      [
        "Регионовед",
        "Ощепков",
        "Ижсталь"
      ],
      [
        "Регионовед",
        "Ощепков",
        "Ижсталь"
      ],
      null,
      null,
      null,
      null
    ]
  },
  {
    "groupName": "И-23-2",
    "pairs": [
      null,
      [
        "Ин язык в ПД",
        "Сабурова 708",
        "Тику 705",
        "Чермных 603а"
      ],
      [
        "ВиП КС",
        "Ишкулов",
        "102"
      ],
      [
        "ВиП КС",
        "Ишкулов",
        "102"
      ],
      [
        "ОАиП",
        "Зылева",
        "Дистанционно"
      ],
      null,
      null
    ]
  },
  {
    "groupName": "И-23-3п",
    "pairs": [
      [
        "БЖ",
        "Ильин",
        "102"
      ],
      [
        "Англ язык в ПД",
        "Волкова/",
        "Варламова",
        "306а/208"
      ],
      [
        "Осн проект БД",
        "Черепанова",
        "Дистанционно"
      ],
      null,
      null,
      null,
      null
    ]
  },
  {
    "groupName": "П-22-1п",
    "pairs": [
      null,
      null,
      null,
      null,
      [
        "Орг работы орг и учрежд",
        "соцзащиты населения",
        "Экзамен",
        "Ванюшева",
        "207"
      ],
      null,
      null
    ]
  },
  {
    "groupName": "З-22-1",
    "pairs": [
      null,
      null,
      [
        "Физкультура",
        "Перевозчиков",
        "Тренажерный зал"
      ],
      [
        "Орг-прав обесп ИБ",
        "Бывальцева",
        "703"
      ],
      [
        "Осн предприн",
        "Бывальцева",
        "703"
      ],
      null,
      null
    ]
  },
  {
    "groupName": "И-22-1",
    "pairs": [
      null,
      null,
      [
        "Нем язык в ПД",
        "Чермных",
        "603а"
      ],
      [
        "КС",
        "Данилов",
        "203"
      ],
      [
        "Физкультура",
        "Перевозчиков",
        "Тренажерный зал"
      ],
      [
        "КС",
        "Данилов",
        "203"
      ],
      null
    ]
  },
  {
    "groupName": "И-22-2п",
    "pairs": [
      null,
      null,
      null,
      [
        "Инстр ср-ва разработки ПО",
        "Зылева",
        "Дистанционно"
      ],
      [
        "ТРиЗБД",
        "Ишкулов",
        "102"
      ],
      [
        "ТВиМС",
        "Павлов",
        "205"
      ],
      [
        "ТВиМС",
        "Павлов",
        "205"
      ]
    ]
  },
  {
    "groupName": "И-22-3п",
    "pairs": [
      null,
      null,
      [
        "Нем язык в ПД",
        "Чермных",
        "603а"
      ],
      [
        "Менеджмент в ПД",
        "Зорина",
        "104"
      ],
      [
        "КС",
        "Данилов",
        "203"
      ],
      [
        "Разработка кода ИС",
        "Ишкулов",
        "102"
      ],
      null
    ]
  },
  {
    "groupName": "Ю-22-1",
    "pairs": [
      null,
      null,
      null,
      [
        "Ин язык",
        "Сабурова/",
        "Тику/",
        "Чермных",
        "708/705/ 603а"
      ],
      [
        "Физкультура",
        "Кайгородов",
        "Спортзал"
      ],
      [
        "Осн управл в правоохр органах",
        "Бывальцева",
        "703"
      ],
      null
    ]
  },
  {
    "groupName": "Ю-22-2п",
    "pairs": [
      null,
      null,
      null,
      [
        "Осн предприн",
        "Михалкина",
        "101"
      ],
      [
        "Ин язык",
        "Сабурова/",
        "Тику/",
        "Чермных",
        "708/705/ 603а"
      ],
      [
        "Экол право",
        "Артемичева",
        "608"
      ],
      null
    ]
  },
  {
    "groupName": "Э-22-1",
    "pairs": [
      null,
      null,
      [
        "Охрана труда",
        "Неклюдова С.Ю.",
        "701"
      ],
      [
        "Тип тех проц обсл бытовых машин и приборов",
        "Пушин",
        "601"
      ],
      [
        "Эл/снабжение",
        "Пушин",
        "601"
      ],
      [
        "Эл и эл/мех оборуд",
        "Пушин",
        "601"
      ],
      null
    ]
  },
  {
    "groupName": "Т-22-1",
    "pairs": [
      null,
      null,
      null,
      [
        "Физкультура",
        "Кайгородов",
        "Спортзал"
      ],
      [
        "ТЭ котельных установок",
        "Самойленко",
        "704"
      ],
      [
        "Орг пром безопасности в т/энергетике",
        "Колясев",
        "202"
      ],
      [
        "Орг пром безопасности в т/энергетике",
        "Колясев",
        "202"
      ]
    ]
  },
  {
    "groupName": "В-22-1",
    "pairs": [
      [
        "Физкультура",
        "Кайгородов",
        "Спортзал"
      ],
      [
        "Осн предприн",
        "Неклюдова Т.А.",
        "102"
      ],
      [
        "ПОПД",
        "Михалкина",
        "101"
      ],
      [
        "ПО КС",
        "Коновалов",
        "Дистанционно"
      ],
      null,
      null,
      null
    ]
  },
  {
    "groupName": "ЭР-22-1",
    "pairs": [
      [
        "Практика"
      ],
      null,
      null,
      null,
      null,
      null,
      null
    ]
  },
  {
    "groupName": "Ю-21-1",
    "pairs": [
      null,
      null,
      null,
      null,
      null,
      null,
      null
    ]
  },
  {
    "groupName": "Ю-21-2",
    "pairs": [
      [
        "09.00",
        "Защита дипломных работ",
        "403"
      ],
      null,
      null,
      null,
      null,
      null,
      null
    ]
  },
  {
    "groupName": "И-21-1",
    "pairs": [
      null,
      [
        "Нем язык в ПД",
        "Зачет",
        "Чермных",
        "603а"
      ],
      [
        "Осн философии",
        "Зачет",
        "Ефремова",
        "107"
      ],
      [
        "Физкультура",
        "Перевозчиков",
        "Тренажерный зал"
      ],
      null,
      null,
      null
    ]
  },
  {
    "groupName": "И-21-2",
    "pairs": [
      null,
      null,
      [
        "БЖ",
        "Феденев",
        "708а"
      ],
      [
        "БЖ",
        "Феденев",
        "708а"
      ],
      [
        "Осн предприн",
        "Неклюдова Т.А.",
        "206"
      ],
      [
        "Осн предприн",
        "Зачет",
        "Неклюдова Т.А.",
        "206"
      ],
      null
    ]
  },
  {
    "groupName": "И-21-3п",
    "pairs": [
      [
        "Практика",
        "Рахимьянова",
        "Дистанционно"
      ],
      [
        "Практика",
        "Рахимьянова",
        "Дистанционно"
      ],
      [
        "Практика",
        "Рахимьянова",
        "Дистанционно"
      ],
      null,
      null,
      null,
      null
    ]
  },
  {
    "groupName": "В-21-1",
    "pairs": [
      null,
      null,
      null,
      [
        "Осн предприн",
        "Неклюдова Т.А.",
        "Библиотека"
      ],
      [
        "Эффект повед на рынке труда",
        "Неклюдова С.Ю.",
        "701"
      ],
      [
        "Физкультура",
        "Перевозчиков",
        "Тренажерный зал"
      ],
      null
    ]
  },
  {
    "groupName": "З-21-1",
    "pairs": [
      [
        "Практика",
        "Камашева",
        "203"
      ],
      [
        "Практика",
        "Камашева",
        "203"
      ],
      [
        "Практика",
        "Камашева",
        "203"
      ],
      null,
      null,
      null,
      null
    ]
  },
  {
    "groupName": "Т-21-1",
    "pairs": [
      [
        "Практика"
      ],
      null,
      null,
      null,
      null,
      null,
      null
    ]
  },
  {
    "groupName": "Э-21-1",
    "pairs": [
      null,
      null,
      null,
      null,
      [
        "Практика",
        "Мозгина",
        "209"
      ],
      [
        "Практика",
        "Мозгина",
        "209"
      ],
      [
        "Практика",
        "Мозгина",
        "209"
      ]
    ]
  }
]