[
  {
    "groupName": "Э-24-1",
    "pairs": [
      [
        "Родной язык",
        "Созонова",
        "207"
      ],
      [
        "Литература",
        "Созонова 207",
        "11.05",
        "Час общения",
        "«Разговоры о важном»"
      ],
      null,
      null
    ]
  },
  {
    "groupName": "Т-24-1",
    "pairs": [
      null,
      [
        "История",
        "Ощепков",
        "108"
      ],
      [
        "Математика",
        "Тимошкин",
        "107"
      ],
      [
        "География",
        "Абрамова",
        "Дистанционно"
      ]
    ]
  },
  {
    "groupName": "И-24-1",
    "pairs": [
      [
        "Математика",
        "Соковикова",
        "702"
      ],
      [
        "Физкультура",
        "Перевозчиков",
        "Спортзал"
      ],
      [
        "Литература",
        "Созонова",
        "207"
      ],
      [
        "13.25",
        "Час общения",
        "«Разговоры о важном»",
        "Ощепков 108"
      ]
    ]
  },
  {
    "groupName": "И-24-2п",
    "pairs": [
      [
        "История",
        "Васильев",
        "707"
      ],
      [
        "Обществозн",
        "Васильев",
        "707"
      ],
      [
        "География",
        "Абрамова",
        "Дистанционно"
      ],
      null
    ]
  },
  {
    "groupName": "С-24-1п",
    "pairs": [
      [
        "Литература",
        "Плехова",
        "205"
      ],
      [
        "Русский язык",
        "Плехова",
        "206"
      ],
      [
        "Математика",
        "Соковикова 702",
        "13.00",
        "Час общения",
        "«Разговоры о важном»"
      ],
      [
        "Физика",
        "Смирнов",
        "206"
      ]
    ]
  },
  {
    "groupName": "В-24-1",
    "pairs": [
      null,
      null,
      [
        "Информатика",
        "Жуйкова",
        "302"
      ],
      [
        "Информатика",
        "Жуйкова",
        "302"
      ]
    ]
  },
  {
    "groupName": "О-24-1",
    "pairs": [
      [
        "Математика",
        "Тимошкин",
        "107"
      ],
      [
        "ОСиС",
        "Коновалов",
        "306"
      ],
      [
        "Обществозн",
        "Ощепков",
        "108"
      ],
      null
    ]
  },
  {
    "groupName": "З-24-1",
    "pairs": [
      [
        "География",
        "Абрамова",
        "Дистанционно"
      ],
      [
        "Родной язык",
        "Плехова",
        "205"
      ],
      [
        "Литература",
        "Плехова",
        "205"
      ],
      [
        "13.25",
        "Час общения",
        "«Разговоры о важном»",
        "Плехова 205"
      ]
    ]
  },
  {
    "groupName": "ЭР-24-1",
    "pairs": [
      [
        "Информатика",
        "Аверина 209",
        "Жуйкова 302"
      ],
      [
        "Информатика",
        "Аверина 209",
        "Жуйкова 302"
      ],
      null,
      null
    ]
  },
  {
    "groupName": "Ю-24-1",
    "pairs": [
      [
        "Физика",
        "Смирнов",
        "206"
      ],
      [
        "Математика",
        "Тимошкин",
        "107"
      ],
      [
        "География",
        "Абрамова",
        "Дистанционно"
      ],
      null,
      null
    ]
  },
  {
    "groupName": "Ю-24-2п",
    "pairs": [
      null,
      null,
      null,
      null,
      null
    ]
  },
  {
    "groupName": "М-24-1",
    "pairs": [
      null,
      [
        "Математика",
        "Соковикова",
        "702"
      ],
      [
        "История",
        "Васильев",
        "707"
      ],
      null,
      null
    ]
  },
  {
    "groupName": "ЭР-23-1",
    "pairs": [
      null,
      null,
      null,
      null,
      null
    ]
  },
  {
    "groupName": "Э-23-1",
    "pairs": [
      [
        "Практика",
        "Пушин 601",
        "Пушкарев 606"
      ],
      [
        "Практика",
        "Пушин 601",
        "Пушкарев 606"
      ],
      [
        "Практика",
        "Пушин 601",
        "Пушкарев 606"
      ],
      null,
      null
    ]
  },
  {
    "groupName": "В-23-1",
    "pairs": [
      [
        "Инж комп графика",
        "Нарина",
        "203"
      ],
      [
        "Инж комп графика",
        "Нарина",
        "203"
      ],
      [
        "Эл высшей математики",
        "Павлов 104"
      ],
      null,
      null
    ]
  },
  {
    "groupName": "В-23-2",
    "pairs": [
      [
        "ТФУ ПД",
        "Мошкина",
        "300у"
      ],
      [
        "Арх АС",
        "Широбоков",
        "300ц"
      ],
      [
        "Инж комп графика",
        "Нарина",
        "203"
      ],
      [
        "Инж комп графика",
        "Нарина",
        "203"
      ],
      null
    ]
  },
  {
    "groupName": "З-23-1",
    "pairs": [
      null,
      null,
      null,
      null,
      null
    ]
  },
  {
    "groupName": "П-23-1п",
    "pairs": [
      null,
      null,
      [
        "Гражд процесс",
        "Артемичева",
        "202"
      ],
      [
        "ДОУ",
        "Сардарова",
        "102"
      ],
      null
    ]
  },
  {
    "groupName": "Ю-23-1",
    "pairs": [
      [
        "Физкультура",
        "Перевозчиков",
        "Спортзал"
      ],
      [
        "Делопр и режим секретности",
        "Сардарова 102"
      ],
      null,
      null
    ]
  },
  {
    "groupName": "Ю-23-2п",
    "pairs": [
      [
        "Делопр и режим секретности",
        "Сардарова 102"
      ],
      [
        "Адм право",
        "Михалкина",
        "704"
      ],
      [
        "Адм право",
        "Михалкина",
        "704"
      ],
      null
    ]
  },
  {
    "groupName": "Ю-23-3п",
    "pairs": [
      null,
      null,
      [
        "Делопр и режим секретности",
        "Сардарова 102"
      ],
      [
        "Гражд право и гражд процесс",
        "Артемичева 202"
      ]
    ]
  },
  {
    "groupName": "Т-23-1",
    "pairs": [
      null,
      null,
      null,
      null
    ]
  },
  {
    "groupName": "И-23-1",
    "pairs": [
      null,
      null,
      null,
      null
    ]
  },
  {
    "groupName": "И-23-2",
    "pairs": [
      [
        "Регионовед",
        "Зачет",
        "Ощепков",
        "108"
      ],
      [
        "Арх АС",
        "Мошкина",
        "300у"
      ],
      [
        "Арх АС",
        "Мошкина",
        "300у"
      ],
      null
    ]
  },
  {
    "groupName": "И-23-3п",
    "pairs": [
      [
        "Эл высшей математики",
        "Павлов",
        "104"
      ],
      [
        "Эл высшей математики",
        "Павлов",
        "104"
      ],
      null,
      null
    ]
  },
  {
    "groupName": "П-22-1п",
    "pairs": [
      [
        "08.30",
        "ПСО",
        "Экзамен",
        "Ванюшева 403"
      ],
      null,
      null,
      null
    ]
  },
  {
    "groupName": "З-22-1",
    "pairs": [
      null,
      null,
      [
        "Экспл КС",
        "Широбоков",
        "300ц"
      ],
      [
        "КСЗИ",
        "Камашева",
        "303"
      ]
    ]
  },
  {
    "groupName": "И-22-1",
    "pairs": [
      null,
      null,
      null
    ]
  },
  {
    "groupName": "И-22-2п",
    "pairs": [
      [
        "Разработка МП",
        "Перминов",
        "305"
      ],
      [
        "Разработка МП",
        "Перминов",
        "305"
      ],
      [
        "Физкультура",
        "Перевозчиков",
        "Спортзал"
      ]
    ]
  },
  {
    "groupName": "И-22-3п",
    "pairs": [
      null,
      null,
      null
    ]
  },
  {
    "groupName": "Ю-22-1",
    "pairs": [
      null,
      null,
      null
    ]
  },
  {
    "groupName": "Ю-22-2п",
    "pairs": [
      null,
      null,
      null
    ]
  },
  {
    "groupName": "Э-22-1",
    "pairs": [
      null,
      null,
      null
    ]
  },
  {
    "groupName": "Т-22-1",
    "pairs": [
      null,
      null,
      null
    ]
  },
  {
    "groupName": "В-22-1",
    "pairs": [
      null,
      null,
      null
    ]
  },
  {
    "groupName": "ЭР-22-1",
    "pairs": [
      null,
      null,
      null
    ]
  },
  {
    "groupName": "Ю-21-1",
    "pairs": [
      null,
      null,
      null,
      null,
      null
    ]
  },
  {
    "groupName": "Ю-21-2",
    "pairs": [
      null,
      null,
      null,
      null,
      null
    ]
  },
  {
    "groupName": "И-21-1",
    "pairs": [
      [
        "Практика",
        "Рахимьянова",
        "304"
      ],
      [
        "Практика",
        "Рахимьянова",
        "304"
      ],
      [
        "Практика",
        "Рахимьянова",
        "Дистанционно"
      ],
      null,
      null
    ]
  },
  {
    "groupName": "И-21-2",
    "pairs": [
      [
        "Практика",
        "Камашева",
        "303"
      ],
      [
        "Практика",
        "Камашева",
        "303"
      ],
      [
        "Практика",
        "Камашева",
        "303"
      ],
      null,
      null
    ]
  },
  {
    "groupName": "И-21-3п",
    "pairs": [
      null,
      null,
      [
        "Практика",
        "Рахимьянова",
        "304"
      ],
      [
        "Практика",
        "Рахимьянова",
        "304"
      ],
      [
        "Практика",
        "Рахимьянова",
        "Дистанционно"
      ]
    ]
  },
  {
    "groupName": "В-21-1",
    "pairs": [
      null,
      null,
      null,
      null,
      null
    ]
  },
  {
    "groupName": "З-21-1",
    "pairs": [
      null,
      null,
      [
        "Практика",
        "Коновалов",
        "306"
      ],
      [
        "Практика",
        "Коновалов",
        "306"
      ],
      [
        "Практика",
        "Коновалов",
        "306"
      ]
    ]
  },
  {
    "groupName": "Т-21-1",
    "pairs": [
      [
        "Практика",
        "Самойленко",
        "703"
      ],
      [
        "Практика",
        "Самойленко",
        "703"
      ],
      [
        "Практика",
        "Самойленко",
        "703"
      ],
      null,
      null
    ]
  },
  {
    "groupName": "Э-21-1",
    "pairs": [
      null,
      null,
      null,
      null,
      null
    ]
  }
]